-- MySQL dump 10.13  Distrib 5.6.51, for Linux (x86_64)
--
-- Host: localhost    Database: api_test_programmer
-- ------------------------------------------------------
-- Server version	5.6.51

/*!40101 SET @OLD_CHARACTER_SET_CLIENT=@@CHARACTER_SET_CLIENT */;
/*!40101 SET @OLD_CHARACTER_SET_RESULTS=@@CHARACTER_SET_RESULTS */;
/*!40101 SET @OLD_COLLATION_CONNECTION=@@COLLATION_CONNECTION */;
/*!40101 SET NAMES utf8 */;
/*!40103 SET @OLD_TIME_ZONE=@@TIME_ZONE */;
/*!40103 SET TIME_ZONE='+00:00' */;
/*!40014 SET @OLD_UNIQUE_CHECKS=@@UNIQUE_CHECKS, UNIQUE_CHECKS=0 */;
/*!40014 SET @OLD_FOREIGN_KEY_CHECKS=@@FOREIGN_KEY_CHECKS, FOREIGN_KEY_CHECKS=0 */;
/*!40101 SET @OLD_SQL_MODE=@@SQL_MODE, SQL_MODE='NO_AUTO_VALUE_ON_ZERO' */;
/*!40111 SET @OLD_SQL_NOTES=@@SQL_NOTES, SQL_NOTES=0 */;

--
-- Table structure for table `Kategori`
--

DROP TABLE IF EXISTS `Kategori`;
/*!40101 SET @saved_cs_client     = @@character_set_client */;
/*!40101 SET character_set_client = utf8 */;
CREATE TABLE `Kategori` (
  `id_kategori` int(11) NOT NULL DEFAULT '0',
  `nama_kategori` varchar(255) COLLATE utf8_slovenian_ci DEFAULT NULL,
  PRIMARY KEY (`id_kategori`)
) ENGINE=InnoDB DEFAULT CHARSET=utf8 COLLATE=utf8_slovenian_ci;
/*!40101 SET character_set_client = @saved_cs_client */;

--
-- Dumping data for table `Kategori`
--

LOCK TABLES `Kategori` WRITE;
/*!40000 ALTER TABLE `Kategori` DISABLE KEYS */;
INSERT INTO `Kategori` VALUES (1,'L QUEENLY'),(2,'L MTH AKSESORIS (IM)'),(3,'L MTH TABUNG (LK)'),(4,'SP MTH SPAREPART (LK)'),(5,'CI MTH TINTA LAIN (IM)'),(6,'S MTH STEMPEL (IM)');
/*!40000 ALTER TABLE `Kategori` ENABLE KEYS */;
UNLOCK TABLES;

--
-- Table structure for table `Produk`
--

DROP TABLE IF EXISTS `Produk`;
/*!40101 SET @saved_cs_client     = @@character_set_client */;
/*!40101 SET character_set_client = utf8 */;
CREATE TABLE `Produk` (
  `id_produk` int(11) NOT NULL AUTO_INCREMENT,
  `nama_produk` varchar(255) COLLATE utf8_slovenian_ci DEFAULT NULL,
  `harga` int(11) DEFAULT NULL,
  `kategori_id` int(11) DEFAULT NULL,
  `status_id` int(11) DEFAULT NULL,
  PRIMARY KEY (`id_produk`),
  KEY `Status_id_refs` (`status_id`),
  KEY `Kategori_id_refs` (`kategori_id`),
  CONSTRAINT `Kategori_id_refs` FOREIGN KEY (`kategori_id`) REFERENCES `Kategori` (`id_kategori`),
  CONSTRAINT `Produk_id_refs` FOREIGN KEY (`kategori_id`) REFERENCES `Kategori` (`id_kategori`),
  CONSTRAINT `Status_id_refs` FOREIGN KEY (`status_id`) REFERENCES `Status` (`id_status`)
) ENGINE=InnoDB AUTO_INCREMENT=74 DEFAULT CHARSET=utf8 COLLATE=utf8_slovenian_ci;
/*!40101 SET character_set_client = @saved_cs_client */;

--
-- Dumping data for table `Produk`
--

LOCK TABLES `Produk` WRITE;
/*!40000 ALTER TABLE `Produk` DISABLE KEYS */;
INSERT INTO `Produk` VALUES (6,'ALCOHOL GEL POLISH CLEANSER GP-CLN01',12500,1,1),(9,'ALUMUNIUM FOIL ALL IN ONE BULAT 23mm IM',1000,2,1),(11,'ALUMUNIUM FOIL ALL IN ONE BULAT 30mm IM',1000,2,1),(12,'ALUMUNIUM FOIL ALL IN ONE SHEET 250mm IM',12500,2,1),(15,'ALUMUNIUM FOIL HDPE/PE BULAT 23mm IM',12500,2,1),(17,'ALUMUNIUM FOIL HDPE/PE BULAT 30mm IM',1000,2,1),(18,'ALUMUNIUM FOIL HDPE/PE SHEET 250mm IM',13000,2,2),(19,'ALUMUNIUM FOIL PET SHEET 250mm IM',1000,2,2),(22,'ARM PENDEK MODEL U',13000,2,1),(23,'ARM SUPPORT KECIL',13000,3,2),(24,'ARM SUPPORT KOTAK PUTIH',13000,2,2),(26,'ARM SUPPORT PENDEK POLOS',13000,3,1),(27,'ARM SUPPORT S IM',1000,2,2),(28,'ARM SUPPORT T (IMPORT)',13000,2,1),(29,'ARM SUPPORT T - MODEL 1 ( LOKAL )',10000,3,1),(50,'BLACK LASER TONER FP-T3 (100gr)',13000,2,2),(56,'BODY PRINTER CANON IP2770',500,4,1),(58,'BODY PRINTER T13X',15000,4,1),(59,'BOTOL 1000ML BLUE KHUSUS UNTUK EPSON R1800/R800 - 4180 IM (T054920)',10000,5,1),(60,'BOTOL 1000ML CYAN KHUSUS UNTUK EPSON R1800/R800/R1900/R2000 - 4120 IM (T054220)',10000,5,2),(61,'BOTOL 1000ML GLOSS OPTIMIZER KHUSUS UNTUK EPSON R1800/R800/R1900/R2000/IX7000/MG6170 - 4100 IM (T054020)',1500,5,1),(62,'BOTOL 1000ML L.LIGHT BLACK KHUSUS UNTUK EPSON 2400 - 0599 IM',1500,5,2),(63,'BOTOL 1000ML LIGHT BLACK KHUSUS UNTUK EPSON 2400 - 0597 IM',1500,5,2),(64,'BOTOL 1000ML MAGENTA KHUSUS UNTUK EPSON R1800/R800/R1900/R2000 - 4140 IM (T054320)',1000,5,1),(65,'BOTOL 1000ML MATTE BLACK KHUSUS UNTUK EPSON R1800/R800/R1900/R2000 - 3503 IM (T054820)',1500,5,2),(66,'BOTOL 1000ML ORANGE KHUSUS UNTUK EPSON R1900/R2000 IM - 4190 (T087920)',1500,5,1),(67,'BOTOL 1000ML RED KHUSUS UNTUK EPSON R1800/R800/R1900/R2000 - 4170 IM (T054720)',1000,5,2),(68,'BOTOL 1000ML YELLOW KHUSUS UNTUK EPSON R1800/R800/R1900/R2000 - 4160 IM (T054420)',1500,5,2),(70,'BOTOL KOTAK 100ML LK',1000,2,1),(72,'BOTOL 10ML IM',1000,6,2),(73,'Berdoa yang terbaik',7000,4,1);
/*!40000 ALTER TABLE `Produk` ENABLE KEYS */;
UNLOCK TABLES;

--
-- Table structure for table `Status`
--

DROP TABLE IF EXISTS `Status`;
/*!40101 SET @saved_cs_client     = @@character_set_client */;
/*!40101 SET character_set_client = utf8 */;
CREATE TABLE `Status` (
  `id_status` int(11) NOT NULL DEFAULT '0',
  `nama_status` varchar(255) COLLATE utf8_slovenian_ci DEFAULT NULL,
  PRIMARY KEY (`id_status`)
) ENGINE=InnoDB DEFAULT CHARSET=utf8 COLLATE=utf8_slovenian_ci;
/*!40101 SET character_set_client = @saved_cs_client */;

--
-- Dumping data for table `Status`
--

LOCK TABLES `Status` WRITE;
/*!40000 ALTER TABLE `Status` DISABLE KEYS */;
INSERT INTO `Status` VALUES (1,'bisa dijual'),(2,'tidak bisa dijual');
/*!40000 ALTER TABLE `Status` ENABLE KEYS */;
UNLOCK TABLES;
/*!40103 SET TIME_ZONE=@OLD_TIME_ZONE */;

/*!40101 SET SQL_MODE=@OLD_SQL_MODE */;
/*!40014 SET FOREIGN_KEY_CHECKS=@OLD_FOREIGN_KEY_CHECKS */;
/*!40014 SET UNIQUE_CHECKS=@OLD_UNIQUE_CHECKS */;
/*!40101 SET CHARACTER_SET_CLIENT=@OLD_CHARACTER_SET_CLIENT */;
/*!40101 SET CHARACTER_SET_RESULTS=@OLD_CHARACTER_SET_RESULTS */;
/*!40101 SET COLLATION_CONNECTION=@OLD_COLLATION_CONNECTION */;
/*!40111 SET SQL_NOTES=@OLD_SQL_NOTES */;

-- Dump completed on 2025-01-19 10:37:39
